{
    "total_runtime": 100.30184960365295,
    "num_documents": 20,
    "input_load_time": 0,
    "workflows": {
        "create_base_text_units": {
            "overall": 0.2423090934753418,
            "0_orderby": 0.00301361083984375,
            "1_zip": 0.003001689910888672,
            "2_aggregate_override": 0.005990266799926758,
            "3_chunk": 0.18248319625854492,
            "4_select": 0.0040013790130615234,
            "5_unroll": 0.005003213882446289,
            "6_rename": 0.0050013065338134766,
            "7_genid": 0.004999637603759766,
            "8_unzip": 0.005002260208129883,
            "9_copy": 0.004999637603759766,
            "10_filter": 0.015007257461547852
        },
        "create_base_extracted_entities": {
            "overall": 76.912433385849,
            "0_entity_extract": 76.89042687416077,
            "1_merge_graphs": 0.009004831314086914,
            "2_snapshot_rows": 0.00800013542175293
        },
        "create_summarized_entities": {
            "overall": 0.027941226959228516,
            "0_summarize_descriptions": 0.014008522033691406,
            "1_snapshot_rows": 0.008365869522094727
        },
        "create_base_entity_graph": {
            "overall": 0.05439162254333496,
            "0_cluster_graph": 0.018095970153808594,
            "1_snapshot_rows": 0.011009693145751953,
            "2_snapshot_rows": 0.00899505615234375,
            "3_select": 0.009011030197143555
        },
        "create_final_entities": {
            "overall": 2.1658406257629395,
            "0_unpack_graph": 0.008908510208129883,
            "1_rename": 0.008997201919555664,
            "2_select": 0.009998083114624023,
            "3_dedupe": 0.008998394012451172,
            "4_rename": 0.010001897811889648,
            "5_filter": 0.025017738342285156,
            "6_text_split": 0.011000394821166992,
            "7_drop": 0.009685754776000977,
            "8_merge": 0.01301431655883789,
            "9_text_embed": 2.0140936374664307,
            "10_drop": 0.011001110076904297,
            "11_filter": 0.02701711654663086
        },
        "create_final_nodes": {
            "overall": 0.20504450798034668,
            "0_layout_graph": 0.01900506019592285,
            "1_unpack_graph": 0.01300358772277832,
            "2_unpack_graph": 0.013002634048461914,
            "3_drop": 0.013002872467041016,
            "4_filter": 0.03000807762145996,
            "5_select": 0.014001131057739258,
            "6_rename": 0.013003349304199219,
            "7_join": 0.02000594139099121,
            "8_convert": 0.045008182525634766,
            "9_rename": 0.014002799987792969
        },
        "create_final_communities": {
            "overall": 0.3143646717071533,
            "0_unpack_graph": 0.01599407196044922,
            "1_unpack_graph": 0.015003204345703125,
            "2_aggregate_override": 0.022668838500976562,
            "3_join": 0.021015167236328125,
            "4_join": 0.0200040340423584,
            "5_concat": 0.014700889587402344,
            "6_filter": 0.043943166732788086,
            "7_aggregate_override": 0.018994569778442383,
            "8_join": 0.020004749298095703,
            "9_filter": 0.03901410102844238,
            "10_fill": 0.016999244689941406,
            "11_merge": 0.018000364303588867,
            "12_copy": 0.017004966735839844,
            "13_select": 0.017015457153320312
        },
        "join_text_units_to_entity_ids": {
            "overall": 0.07601618766784668,
            "0_select": 0.01799464225769043,
            "1_unroll": 0.02101302146911621,
            "2_aggregate_override": 0.02000284194946289
        },
        "create_final_relationships": {
            "overall": 0.2575719356536865,
            "0_unpack_graph": 0.021007061004638672,
            "1_filter": 0.0420074462890625,
            "2_rename": 0.020004987716674805,
            "3_filter": 0.044534921646118164,
            "4_drop": 0.02200627326965332,
            "5_compute_edge_combined_degree": 0.025008440017700195,
            "6_convert": 0.04400634765625,
            "7_convert": 0.02199530601501465
        },
        "join_text_units_to_relationship_ids": {
            "overall": 0.11002492904663086,
            "0_select": 0.021015167236328125,
            "1_unroll": 0.022006511688232422,
            "2_aggregate_override": 0.024006128311157227,
            "3_select": 0.02300119400024414
        },
        "create_final_community_reports": {
            "overall": 16.74248957633972,
            "0_prepare_community_reports_nodes": 0.04602408409118652,
            "1_prepare_community_reports_edges": 0.02399587631225586,
            "2_restore_community_hierarchy": 0.0260162353515625,
            "3_prepare_community_reports": 0.040999412536621094,
            "4_create_community_reports": 16.560555696487427,
            "5_window": 0.023014545440673828
        },
        "create_final_text_units": {
            "overall": 0.18651866912841797,
            "0_select": 0.025003433227539062,
            "1_rename": 0.023998737335205078,
            "2_join": 0.03144192695617676,
            "3_join": 0.029388904571533203,
            "4_aggregate_override": 0.02768683433532715,
            "5_select": 0.025994539260864258
        },
        "create_base_documents": {
            "overall": 0.3621039390563965,
            "0_unroll": 0.028021812438964844,
            "1_select": 0.02599954605102539,
            "2_rename": 0.026004314422607422,
            "3_join": 0.031013965606689453,
            "4_aggregate_override": 0.029006004333496094,
            "5_join": 0.03300666809082031,
            "6_rename": 0.03400564193725586,
            "7_convert": 0.13004112243652344
        },
        "create_final_documents": {
            "overall": 0.055021047592163086,
            "0_rename": 0.028015851974487305
        }
    }
}